{"PARTICLE":[{"DataTag":"aa","Object":[{"Altitude":0.0,"Behavior":0,"Color":{"A":1.0,"B":1.0,"G":1.0,"R":1.0},"ColorAttenuation":0.5,"CreateRange":2.9800000190734863,"DelayStartTime":0,"DestColor":{"A":1.0,"B":1.0,"G":1.0,"R":1.0},"LockPosition":3,"ParticleType":0,"Physics":[["Type",0],["Bounce",["BounceFactor",0.0],["Coefficient",2.0]],["Air",["VectorFactor",0.0],["Coefficient",0.0]]],"PopTime":50,"PosOffset":{"X":0.0,"Y":0.0,"Z":0.0},"Quantity":10,"Radius":360.0,"RandomCreate":1,"RandomMax":0.0,"RandomMin":0.0,"RandomRotateMax":0.0,"RandomRotateMin":0.0,"RotateAngle":0.0,"RotateRadius":0.0,"Scale":{"X":10.0,"Y":10.0,"Z":0.0},"Scaling":{"X":0.0,"Y":0.0,"Z":0.0},"SeparateTrailColors":false,"TextureTag":"FLARE","Trail":false,"UseRandom":false,"Velocity":{"X":0.0,"Y":0.0,"Z":0.0},"VelocityAttenuation":0.004999999888241291,"Weight":0.0}]}]}
