{
  "SHADER": [
    {
      "Label": "TEST",
      "Path": "test.fx",
      "Technique": {
        "Technique0": "TechShader"
      },
      "Parameter": {
        "Parameter0": "g_mtxWorld",
        "Parameter1": "g_cameraView",
        "Parameter2": "g_cameraProjection"
      }
    },
    {
      "Label": "UVAnimation",
      "Path": "uvAnimation.fx",
      "Technique": {
        "Technique0": "TechShader"
      },
      "Parameter": {
        "Parameter0": "g_wvp",
        "Parameter1": "g_animationUV",
        "Parameter2": "g_maskTexture",
        "Parameter3": "g_hasMaskTexture",
        "Parameter4": "g_diffuse"
      }
    }
  ]
}